{
    "0": {
        "K": [
            453.61466176016006,
            0.0,
            293.03572791268954,
            0.0,
            453.61466176016006,
            175.59778125779997,
            0.0,
            0.0,
            1.0
        ],
        "RT": [
            -0.9903419670550245,
            0.1274893993414657,
            0.05449074549992086,
            1.1423352427644236,
            -0.004917196977141103,
            0.36047579019565956,
            -0.9327556088583452,
            0.9707089724037321,
            -0.13855904684816814,
            -0.924014966187435,
            -0.35636741264902483,
            4.310188563448857
        ],
        "distCoeff": [
            -0.4373366518075453,
            0.21921356552711482,
            0.0011597452449095796,
            0.004687481683783844,
            -0.059483271093969864
        ],
        "imgSize": [
            640,
            360
        ]
    },
    "1": {
        "K": [
            440.40490030330045,
            0.0,
            293.03572791268954,
            0.0,
            440.40490030330045,
            175.59778125779997,
            0.0,
            0.0,
            1.0
        ],
        "RT": [
            0.44086465853802537,
            0.8967649937154529,
            0.03809066681845813,
            0.8948432957133132,
            0.3834780883101027,
            -0.1498154363388875,
            -0.91131766734801,
            0.4917183272474764,
            -0.8115312123622727,
            0.4163746883290492,
            -0.40993805663869176,
            4.568586211838864
        ],
        "distCoeff": [
            -0.4373366518075453,
            0.21921356552711482,
            0.0011597452449095796,
            0.004687481683783844,
            -0.059483271093969864
        ],
        "imgSize": [
            640,
            360
        ]
    },
    "2": {
        "K": [
            449.4398927310399,
            0.0,
            293.03572791268954,
            0.0,
            449.4398927310399,
            175.59778125779997,
            0.0,
            0.0,
            1.0
        ],
        "RT": [
            0.9954296439634731,
            -0.08332672388290398,
            -0.046652770611136485,
            -0.09935765710459138,
            -0.07728790169579709,
            -0.4159980022091642,
            -0.9060751858479764,
            0.8270695464644263,
            0.05609281745655005,
            0.9055397944016191,
            -0.4205368908726792,
            3.774374910267229
        ],
        "distCoeff": [
            -0.4373366518075453,
            0.21921356552711482,
            0.0011597452449095796,
            0.004687481683783844,
            -0.059483271093969864
        ],
        "imgSize": [
            640,
            360
        ]
    },
    "3": {
        "K": [
            453.9881267690367,
            0.0,
            293.03572791268954,
            0.0,
            453.9881267690367,
            175.59778125779997,
            0.0,
            0.0,
            1.0
        ],
        "RT": [
            -0.15095421949840238,
            -0.986567891457436,
            -0.06242290573865705,
            0.7010711638399462,
            -0.49484153101747974,
            0.1300789285400077,
            -0.8591922552782703,
            0.19307496647609582,
            0.8557713963412804,
            -0.09880925004832652,
            -0.5078307289924296,
            4.236550641355291
        ],
        "distCoeff": [
            -0.4373366518075453,
            0.21921356552711482,
            0.0011597452449095796,
            0.004687481683783844,
            -0.059483271093969864
        ],
        "imgSize": [
            640,
            360
        ]
    },
    "4": {
        "K": [
            451.1183209307795,
            0.0,
            293.03572791268954,
            0.0,
            451.1183209307795,
            175.59778125779997,
            0.0,
            0.0,
            1.0
        ],
        "RT": [
            -0.9781147090422675,
            -0.20221375134285327,
            -0.04900219100214841,
            0.3596474270603307,
            -0.03778456031247343,
            0.4042243054573115,
            -0.9138791155724849,
            0.7447818412420728,
            0.20460680085753108,
            -0.8920270789866219,
            -0.4030182966038163,
            4.097405527053364
        ],
        "distCoeff": [
            -0.4373366518075453,
            0.21921356552711482,
            0.0011597452449095796,
            0.004687481683783844,
            -0.059483271093969864
        ],
        "imgSize": [
            640,
            360
        ]
    }
}